1,lthompson@balistreri.com,29(780)849-41-58,1
2,reichel.lucius@hotmail.com,11(938)474-05-78,2
3,prince48@weissnat.com,2(07)882-63-10,3
4,bdouglas@rodriguez.com,69(8047)257-09-75,4
5,nestor.hoppe@gmail.com,660(6765)819-02-47,5
6,jwelch@hotmail.com,3(284)093-08-15,6
7,ramona.erdman@gmail.com,71(583)300-59-08,7
8,schmeler.maverick@ondricka.com,80(4269)681-77-22,8
9,arvilla.steuber@kovacek.org,04(5336)362-37-17,9
10,isipes@hotmail.com,26(52)398-56-57,10
11,zakary.shields@zboncak.com,984(3720)677-94-97,11
12,deonte76@metz.info,1(175)059-52-43,12
13,hills.carmelo@gmail.com,3(52)356-81-36,13
14,tyrel20@spencer.com,8(787)047-15-20,14
15,alec23@reinger.com,4(569)223-57-94,15
16,zulauf.audrey@hotmail.com,309(57)380-75-22,16
17,haufderhar@gmail.com,242(9876)906-79-05,17
18,kkautzer@gmail.com,0(462)005-75-70,18
19,rau.pamela@yahoo.com,04(844)156-11-30,19
20,zpfannerstill@yahoo.com,9(348)620-68-82,20
21,rachel38@gmail.com,96(324)719-27-04,21
22,bashirian.bella@greenfelder.com,1(959)399-69-64,22
23,effertz.jaunita@rogahn.org,807(617)942-87-09,23
24,petra68@gmail.com,0(80)749-74-57,24
25,jalen.funk@gmail.com,0(902)732-93-72 ,25